,id,age_group,location_x,location_y,kw_or_chr
0,0.0.0.0,4,-5.366204166666666,36.15046283333333,X
1,0.1.0.0,2,-5.366204166666666,36.15046283333333,X
2,0.1.0.1,10,-5.366204166666666,36.15046283333333,W
4,0.2.0.0,5,-5.366204166666666,36.15046283333333,W
81,1.0.0.0,1,-5.357870166666666,36.15046283333333,X
1575,2.0.0.0,9,-5.349537166666666,36.15046283333333,X
1576,2.0.0.1,10,-5.349537166666666,36.15046283333333,X
1577,2.0.1.0,12,-5.349537166666666,36.15046283333333,X
